"0","peptide_sequence[index_keep]
"
"1","   [1]"
"1"," ""AAAAAQHHLYGTTSGK""                      "
"1"," ""AAAAGCAESAEILK""                        "
"1"," ""AAAAGCTESAEILK""                        "
"1"," ""AAAAKPEDEKLAK""                         "
"1","
"
"1","   [5]"
"1"," ""AAAANIVPNTTGAAK""                       "
"1"," ""AAAAYLDLPLYR""                          "
"1"," ""AAACNIVPNSTGAAK""                       "
"1"," ""AAADKFLETK""                            "
"1","
"
"1","   [9]"
"1"," ""AAADKFLETKDDTK""                        "
"1"," ""AAADLLVLAYHR""                          "
"1"," ""AAADYFGMPLYR""                          "
"1"," ""AAAEALGLPLYQYLGGFNAK""                  "
"1","
"
"1","  [13]"
"1"," ""AAAEALGMPLYK""                          "
"1"," ""AAAEAPAEEAPAEEAPAAEEAAAE""              "
"1"," ""AAAEAPAEETAAPAEEAPATEAAAE""             "
"1"," ""AAAEIAGYTNATGSDVR""                     "
"1","
"
"1","  [17]"
"1"," ""AAAETYFGK""                             "
"1"," ""AAAETYLGK""                             "
"1"," ""AAAEVAGLMNATGSDSR""                     "
"1"," ""AAAEVAGLVSASGSDAR""                     "
"1","
"
"1","  [21]"
"1"," ""AAAFLKDEEEA""                           "
"1"," ""AAAFLKEDEEA""                           "
"1"," ""AAAFMKEEEA""                            "
"1"," ""AAAGAGSIQVK""                           "
"1","
"
"1","  [25]"
"1"," ""AAAGNIIPSSTGAAK""                       "
"1"," ""AAAIEILK""                              "
"1"," ""AAAIVQAVTNYNDAK""                       "
"1"," ""AAAKEVLGTDDPDEVQK""                     "
"1","
"
"1","  [29]"
"1"," ""AAALQPGEALLLENLR""                      "
"1"," ""AAALQPGEVLLLENLR""                      "
"1"," ""AAANATGYDVVLGTDSK""                     "
"1"," ""AAANATGYDVVLGTDSKK""                    "
"1","
"
"1","  [33]"
"1"," ""AAANATGYDVVLGTGSK""                     "
"1"," ""AAANESFGYNDEEIVSSDIVGMR""               "
"1"," ""AAANESFGYNEDEIVSSDIVGMR""               "
"1"," ""AAANESYGYNEDEIVSSDIVGMR""               "
"1","
"
"1","  [37]"
"1"," ""AAANYLDLPLYR""                          "
"1"," ""AAAPAPAAKPVAAGSATISAPMPGK""             "
"1"," ""AAAPAPAAKPVAAGSATISAPMPGKVLEVK""        "
"1"," ""AAAQNIVPNTTGAAK""                       "
"1","
"
"1","  [41]"
"1"," ""AAASESFGYNEDPIVSSDVIGMR""               "
"1"," ""AAASESFGYNTDPIVSSDVIGMR""               "
"1"," ""AAASNPEVESYEVK""                        "
"1"," ""AAASNPEVESYEVKDGVLTVYFK""               "
"1","
"
"1","  [45]"
"1"," ""AAASYLDLPLYR""                          "
"1"," ""AAATEATPAAETAAPVAEAPAAEEAKAE""          "
"1"," ""AAATESFGYNEDEIVSSDIVGMR""               "
"1"," ""AAATESFGYNTEQIVSSDIVGMR""               "
"1","
"
"1","  [49]"
"1"," ""AAAVNLVPNSTGAAK""                       "
"1"," ""AACAGEVDGEIVDLR""                       "
"1"," ""AADAAAAIGEGLQAFCIPGSVADHR""             "
"1"," ""AADAAAAIGEGLQAFCIPGSVADQR""             "
"1","
"
"1","  [53]"
"1"," ""AADAAAAIGEGLQAFCIPGSVADQRK""            "
"1"," ""AADAAAAIGEGLQAFCIPGSVADTR""             "
"1"," ""AADAAAAIGEGLQAFCIPGSVADTRK""            "
"1"," ""AADAAAALGEGLQSFCIPGSVADQR""             "
"1","
"
"1","  [57]"
"1"," ""AADAIQNAPEVK""                          "
"1"," ""AADALKNTPTGNVSDALQGR""                  "
"1"," ""AADALYSDLWQGNYGFNSR""                   "
"1"," ""AADDAAGLAISEK""                         "
"1","
"
"1","  [61]"
"1"," ""AADDAAGLSISEK""                         "
"1"," ""AADDAAGLTISEK""                         "
"1"," ""AADDAAGLTVSEK""                         "
"1"," ""AADEADNNTLSPIYLK""                      "
"1","
"
"1","  [65]"
"1"," ""AADELGVTYK""                            "
"1"," ""AADFASMVVK""                            "
"1"," ""AADFLDGIK""                             "
"1"," ""AADGAGSQGLDLK""                         "
"1","
"
"1","  [69]"
"1"," ""AADGVVIITTK""                           "
"1"," ""AADGVVVPEISKVEPK""                      "
"1"," ""AADHAHAAQKPEAVEI""                      "
"1"," ""AADKADSQALSPIYLIQAGQLFEK""              "
"1","
"
"1","  [73]"
"1"," ""AADKPFLMPVEDVMTISGR""                   "
"1"," ""AADMADSKAEDVNNSISPTFLLQAGK""            "
"1"," ""AADPEIAGYSSNADVQR""                     "
"1"," ""AADVDTVGDLVK""                          "
"1","
"
"1","  [77]"
"1"," ""AADVETLGDLVQFNKTDLLK""                  "
"1"," ""AADVETLGDLVQYNKTDLLK""                  "
"1"," ""AADVGADLVGK""                           "
"1"," ""AADVPVIFFNR""                           "
"1","
"
"1","  [81]"
"1"," ""AADYEKLQSSVSSAAAR""                     "
"1"," ""AADYHKLEGDEK""                          "
"1"," ""AAEAAAKAEAEAANAPAEEAPAAEATEAPAEA""      "
"1"," ""AAEAAAKAEAEAANAPAEEAPAAETTEAPAEA""      "
"1","
"
"1","  [85]"
"1"," ""AAEAAEKAAAEAPAEETAAPAEEAPATEAAAE""      "
"1"," ""AAEAAPAAVEAPATEAPKAEEPKAESAE""          "
"1"," ""AAEAAYTGTQAPVEEMR""                     "
"1"," ""AAEAAYTGTQAPVEEMRK""                    "
"1","
"
"1","  [89]"
"1"," ""AAEAAYTGTQEPVKEMQK""                    "
"1"," ""AAEAAYVGTQEPVKEMQK""                    "
"1"," ""AAEADCIVTIGGGSSMDTAK""                  "
"1"," ""AAEASLLSAR""                            "
"1","
"
"1","  [93]"
"1"," ""AAEAVAAVEPGK""                          "
"1"," ""AAEAVAAVEPGKVLVLENVR""                  "
"1"," ""AAEAYLNYAEADAR""                        "
"1"," ""AAEDLFLNR""                             "
"1","
"
"1","  [97]"
"1"," ""AAEDVNKQELK""                           "
"1"," ""AAEEAKPSTETIK""                         "
"1"," ""AAEEGIEYTK""                            "
"1"," ""AAEELRDALYAK""                          "
"1","
"
"1"," [101]"
"1"," ""AAEGAATQSVADQEEIKK""                    "
"1"," ""AAEGLHMRPAGVIAR""                       "
"1"," ""AAEGSVHSDNFRR""                         "
"1"," ""AAEGTGIEIAPLK""                         "
"1","
"
"1"," [105]"
"1"," ""AAEIPEAIR""                             "
"1"," ""AAEIPEAIRK""                            "
"1"," ""AAELAFEFLPR""                           "
"1"," ""AAELSGDFADLMK""                         "
"1","
"
"1"," [109]"
"1"," ""AAELSGDFAELMTLADKYTR""                  "
"1"," ""AAEMAATCTDPVR""                         "
"1"," ""AAESGEVVEGDVTEFNKGGVVVNVK""             "
"1"," ""AAESNPAIAIQYK""                         "
"1","
"
"1"," [113]"
"1"," ""AAESVLVCVSGR""                          "
"1"," ""AAETLPDGVQIVK""                         "
"1"," ""AAETMAGLSGTR""                          "
"1"," ""AAETYATVKEPGFYALVPDDFPGVTPK""           "
"1","
"
"1"," [117]"
"1"," ""AAEVAGKPYEDLK""                         "
"1"," ""AAEVALVGTEK""                           "
"1"," ""AAEVAYTGTQEPVKEMQK""                    "
"1"," ""AAEVIEFNPALEENNR""                      "
"1","
"
"1"," [121]"
"1"," ""AAEVIEFNPALEENNRYVEIMDIVK""             "
"1"," ""AAEVPEAIR""                             "
"1"," ""AAEVPEAIRK""                            "
"1"," ""AAEVTLVGTEK""                           "
"1","
"
"1"," [125]"
"1"," ""AAEWGATEQNQATVGR""                      "
"1"," ""AAEWGATEQNQATVGRMPLVR""                 "
"1"," ""AAEYLEEPIER""                           "
"1"," ""AAEYSKDVINNSGR""                        "
"1","
"
"1"," [129]"
"1"," ""AAFDEFMATK""                            "
"1"," ""AAFDHNYASR""                            "
"1"," ""AAFDKFMETK""                            "
"1"," ""AAFEAIDQNTVR""                          "
"1","
"
"1"," [133]"
"1"," ""AAFEAVDQETIR""                          "
"1"," ""AAFEAVDQSAIR""                          "
"1"," ""AAFEEAEHAAK""                           "
"1"," ""AAFGITR""                               "
"1","
"
"1"," [137]"
"1"," ""AAFGVILINTK""                           "
"1"," ""AAFLLPK""                               "
"1"," ""AAFVLDAIR""                             "
"1"," ""AAGAAGVIRPDK""                          "
"1","
"
"1"," [141]"
"1"," ""AAGAAGVIRPDKTTCQVIIGTK""                "
"1"," ""AAGAAGVIRPSK""                          "
"1"," ""AAGAAIGSSRPVAETLK""                     "
"1"," ""AAGADFVGGEELVPK""                       "
"1","
"
"1"," [145]"
"1"," ""AAGADYVGAEDLIPR""                       "
"1"," ""AAGADYVGGEELIPK""                       "
"1"," ""AAGAEFVGAEDLIPK""                       "
"1"," ""AAGAEFVGAEELVPK""                       "
"1","
"
"1"," [149]"
"1"," ""AAGAFAQLLAR""                           "
"1"," ""AAGAKELNETLGNLYVAQGQYER""               "
"1"," ""AAGANKLAIVK""                           "
"1"," ""AAGCTAIIALGGGSPMDVAK""                  "
"1","
"
"1"," [153]"
"1"," ""AAGDYEALQALPK""                         "
"1"," ""AAGGLAIIGTER""                          "
"1"," ""AAGGLAIIGTERHESR""                      "
"1"," ""AAGGLNAAETKPQAK""                       "
"1","
"
"1"," [157]"
"1"," ""AAGIAEVFTPGTPTGNIVEFINANVK""            "
"1"," ""AAGIENFIHVR""                           "
"1"," ""AAGIESCAFDR""                           "
"1"," ""AAGLQITPNSTGAGGSSK""                    "
"1","
"
"1"," [161]"
"1"," ""AAGLQVSTISAQPGGQSTFR""                  "
"1"," ""AAGSDLQYEVGTMIEIPR""                    "
"1"," ""AAGSDNVMLISDR""                         "
"1"," ""AAGTKELGESMGNLYIAQGQYER""               "
"1","
"
"1"," [165]"
"1"," ""AAGVFVQAGGGPLGETTIR""                   "
"1"," ""AAGVSVITDGGAPGAGATIR""                  "
"1"," ""AAGVSVQNVSGTFGTAPK""                    "
"1"," ""AAGVTAVSTSGAPGSSSSIR""                  "
"1","
"
"1"," [169]"
"1"," ""AAGVYIGQTGSPGSPSMVR""                   "
"1"," ""AAGYEPGKDITFAIDAASSEFCK""               "
"1"," ""AAHFITLVPK""                            "
"1"," ""AAHLPEQMIQNIAK""                        "
"1","
"
"1"," [173]"
"1"," ""AAIAADKSLAK""                           "
"1"," ""AAIADLEKAEDSAK""                        "
"1"," ""AAIAQVEKASAE""                          "
"1"," ""AAIDNSYNVLR""                           "
"1","
"
"1"," [177]"
"1"," ""AAIEEGIIPGGGVAYIR""                     "
"1"," ""AAIEEGIVAGGGVAYIR""                     "
"1"," ""AAIEEGTVPGGGVAYIR""                     "
"1"," ""AAIEFLR""                               "
"1","
"
"1"," [181]"
"1"," ""AAIEIMEANPDKLIHR""                      "
"1"," ""AAIGIPEEELR""                           "
"1"," ""AAIGIPEEELRK""                          "
"1"," ""AAIGIPEEWLR""                           "
"1","
"
"1"," [185]"
"1"," ""AAIHEGDTGSPEVQVALLTAR""                 "
"1"," ""AAIQKEVDEATEQLATTTDDYTSFIR""            "
"1"," ""AAITIPAKK""                             "
"1"," ""AAKADGITGEVLLQNLESR""                   "
"1","
"
"1"," [189]"
"1"," ""AALAAAEGDYK""                           "
"1"," ""AALCWNAEIAHLAR""                        "
"1"," ""AALDNITPQVEVK""                         "
"1"," ""AALDVNIVKLDDGTPAANYK""                  "
"1","
"
"1"," [193]"
"1"," ""AALEAGVNKLADTVR""                       "
"1"," ""AALEEGIVPGGGVAYIR""                     "
"1"," ""AALEKGVNQLADTVR""                       "
"1"," ""AALEPIEAEMTSLNKR""                      "
"1","
"
"1"," [197]"
"1"," ""AALESGVNQLANTVR""                       "
"1"," ""AALEYAVAASALK""                         "
"1"," ""AALGAGVDKLANTVR""                       "
"1"," ""AALIHGLK""                              "
"1","
"
"1"," [201]"
"1"," ""AALKVSAETGK""                           "
"1"," ""AALLLDTK""                              "
"1"," ""AALLLDTKGPEIR""                         "
"1"," ""AALLTAEECKSPIILGVSEGAGK""               "
"1","
"
"1"," [205]"
"1"," ""AALLYDEIDRNPLFR""                       "
"1"," ""AALPAIFNPEDLNALEQALR""                  "
"1"," ""AALPTINYLVEHNAR""                       "
"1"," ""AALPTLK""                               "
"1","
"
"1"," [209]"
"1"," ""AALQTSSFMSAASFQETTK""                   "
"1"," ""AALSMTIPTGTGIHRR""                      "
"1"," ""AALTADELAK""                            "
"1"," ""AALTAGEIAK""                            "
"1","
"
"1"," [213]"
"1"," ""AALVGLTK""                              "
"1"," ""AALVHGLK""                              "
"1"," ""AALVWNPEIAQLTR""                        "
"1"," ""AALWAALSR""                             "
"1","
"
"1"," [217]"
"1"," ""AALYYGNWDTAATEAK""                      "
"1"," ""AAMAAAEGDYK""                           "
"1"," ""AAMALQTDSR""                            "
"1"," ""AAMATITNHDDLAAVEAALR""                  "
"1","
"
"1"," [221]"
"1"," ""AAMAVANMR""                             "
"1"," ""AAMAYDPDR""                             "
"1"," ""AAMGNFAAFSAIPGVEVR""                    "
"1"," ""AAMGNFASFEAIPGIEVR""                    "
"1","
"
"1"," [225]"
"1"," ""AAMGNFASFTAIPGVEVR""                    "
"1"," ""AAMLTIMNPDDKAGLEAALR""                  "
"1"," ""AANAEIPIIFLTAK""                        "
"1"," ""AANAGGVATSALEMCQNSAR""                  "
"1","
"
"1"," [229]"
"1"," ""AANAGGVATSALEMSQNSER""                  "
"1"," ""AANAGGVATSGLEMSQNSLR""                  "
"1"," ""AANAGGVAVSALEMSQNSMR""                  "
"1"," ""AANAIPEFR""                             "
"1","
"
"1"," [233]"
"1"," ""AANATSLDQYK""                           "
"1"," ""AANDIILSIDPATASETEKYYLGQAK""            "
"1"," ""AANDMGVICGVTTNPSLIAK""                  "
"1"," ""AANDREFAKYADAIK""                       "
"1","
"
"1"," [237]"
"1"," ""AANEGEKTETVVKK""                        "
"1"," ""AANGVLVISTK""                           "
"1"," ""AANIMLEAGAK""                           "
"1"," ""AANITLVEVR""                            "
"1","
"
"1"," [241]"
"1"," ""AANKGEDDKVSTALAR""                      "
"1"," ""AANLDAIHDTVHEMAR""                      "
"1"," ""AANLDAIHDTVHEMARDEAR""                  "
"1"," ""AANLIIDNAGK""                           "
"1","
"
"1"," [245]"
"1"," ""AANLLNDIISNR""                          "
"1"," ""AANLPQQMIENIAK""                        "
"1"," ""AANLTDF""                               "
"1"," ""AANMPEQMIQNIAK""                        "
"1","
"
"1"," [249]"
"1"," ""AANQILTDEVADLILLGKPAEIIELAVK""          "
"1"," ""AANVALVGTEK""                           "
"1"," ""AANVTLIGTER""                           "
"1"," ""AANVVLVGTEK""                           "
"1","
"
"1"," [253]"
"1"," ""AAPAAKPVEAPK""                          "
"1"," ""AAPAPAAAPAPK""                          "
"1"," ""AAPKFDELSPSVDLLETGIK""                  "
"1"," ""AAPKPVTRPAAAPK""                        "
"1","
"
"1"," [257]"
"1"," ""AAQAAVAPNTTEGGDK""                      "
"1"," ""AAQADDEAATIDACR""                       "
"1"," ""AAQALYAEIEEK""                          "
"1"," ""AAQGDGLAMAK""                           "
"1","
"
"1"," [261]"
"1"," ""AAQGHNFGTVLIPEGLVEFIPAMKR""             "
"1"," ""AAQGILTVR""                             "
"1"," ""AAQGNNFGTVLIPEGLIEFIPAMKR""             "
"1"," ""AAQGNNFGTVLIPEGLVEFIPAMKR""             "
"1","
"
"1"," [265]"
"1"," ""AAQLLVYR""                              "
"1"," ""AAQMMVYR""                              "
"1"," ""AAQPIVDSVADIK""                         "
"1"," ""AAQPIVDSVADIKK""                        "
"1","
"
"1"," [269]"
"1"," ""AAQQTGVDSAVADKGSK""                     "
"1"," ""AAQTESFGYNTDEIVSSDIVGMR""               "
"1"," ""AASEVFADR""                             "
"1"," ""AASEVFADRAYNDDGTLVSR""                  "
"1","
"
"1"," [273]"
"1"," ""AASGNIIPSSTGAAK""                       "
"1"," ""AASNESFGYNDEQIVSSDIIGMR""               "
"1"," ""AASNESFGYNEDEIVSSDIVGMR""               "
"1"," ""AASNESFGYNTDEIVSSDIVGMR""               "
"1","
"
"1"," [277]"
"1"," ""AASNESFGYNTEEIVSSDVIGMR""               "
"1"," ""AASPVELTTIKPVGK""                       "
"1"," ""AASVNMPYVIER""                          "
"1"," ""AASYLPGTHR""                            "
"1","
"
"1"," [281]"
"1"," ""AATAIWGIPQPFR""                         "
"1"," ""AATDGVMAQTK""                           "
"1"," ""AATDLEFAK""                             "
"1"," ""AATDMLDR""                              "
"1","
"
"1"," [285]"
"1"," [293]"
"1"," ""AATSESFGYNEDPIVSSDVIGMR""               "
"1"," ""AATSESFGYNEDQIVSSDVIGMR""               "
"1"," ""AAVAAMNDGDVVLLQNTR""                    "
"1"," ""AAVAAMNNGDVVLLQNTR""                    "
"1","
"
"1"," [297]"
"1"," ""AAVAEMKDGDVILLENTR""                    "
"1"," ""AAVAMLK""                               "
"1"," ""AAVASSVEAK""                            "
"1"," ""AAVATAEAAVSTQQMTYDNKK""                 "
"1","
"
"1"," [301]"
"1"," ""AAVATIEEVYA""                           "
"1"," ""AAVDAAVTTYEDK""                         "
"1"," ""AAVDAGFISHDR""                          "
"1"," ""AAVDAGYADHDR""                          "
"1","
"
"1"," [305]"
"1"," ""AAVDAGYADHDRQIGQTGVTVRPK""              "
"1"," ""AAVDAGYAEHDR""                          "
"1"," ""AAVDAMKDGEVILLENTR""                    "
"1"," ""AAVDAMKDGEVVLLENTR""                    "
"1","
"
"1"," [309]"
"1"," ""AAVDNGKDVVAR""                          "
"1"," ""AAVDSGVCVVAK""                          "
"1"," ""AAVDSGVVVCAK""                          "
"1"," ""AAVEAMKDGDVILLENTR""                    "
"1","
"
"1"," [313]"
"1"," ""AAVEAMKDGDVVLLENTR""                    "
"1"," ""AAVEAMKEGDVVLLENTR""                    "
"1"," ""AAVEAMQDGEVVLLENTR""                    "
"1"," ""AAVEEGIIAGGGSAYIHASK""                  "
"1","
"
"1"," [317]"
"1"," ""AAVEEGIVAGGGSAYIHASK""                  "
"1"," ""AAVEEGIVPGGGVAYLR""                     "
"1"," ""AAVEGLKELSSPEDVAAR""                    "
"1"," ""AAVENGWLAQDYQVGQTGK""                   "
"1","
"
"1"," [321]"
"1"," ""AAVENSYNVLR""                           "
"1"," ""AAVESEIR""                              "
"1"," ""AAVETGADAAGR""                          "
"1"," ""AAVETKSPVILQVSK""                       "
"1","
"
"1"," [325]"
"1"," ""AAVEVENPVVVVR""                         "
"1"," ""AAVKDGTLLGAVTQSPLMQGK""                 "
"1"," ""AAVKDGTLLGSVTQAPVDQGR""                 "
"1"," ""AAVKESQKEFTK""                          "
"1","
"
"1"," [329]"
"1"," ""AAVLTEATPTKK""                          "
"1"," ""AAVNTQELTVNNKR""                        "
"1"," ""AAVNTQELTVSNKR""                        "
"1"," ""AAVPSGASTGAYEAVELR""                    "
"1","
"
"1"," [333]"
"1"," ""AAVPSGASTGEHELAELR""                    "
"1"," ""AAVPSGASTGENEALELR""                    "
"1"," ""AAVQEGVVAGGGTAPINAIPAVR""               "
"1"," ""AAVQQDFEAR""                            "
"1","
"
"1"," [337]"
"1"," ""AAVTTPIGLPGAEGYKDGGPEIAK""              "
"1"," ""AAWEEAEHAAK""                           "
"1"," ""AAWEMTDMFHLK""                          "
"1"," ""AAYAEEGFYVGANQLDALCNIK""                "
"1","
"
"1"," [341]"
"1"," ""AAYAMQGPVYLR""                          "
"1"," ""AAYEEAEHAAK""                           "
"1"," ""AAYESESKEVVK""                          "
"1"," ""AAYLNTGVWAK""                           "
"1","
"
"1"," [345]"
"1"," ""AAYNAAIDKFEK""                          "
"1"," ""AAYQPKLPK""                             "
"1"," ""AAYSSGKPALGVGAGNTPVIIDDTADVK""          "
"1"," ""AAYSSGKPALGVGAGNTPVIIDDTADVR""          "
"1","
"
"1"," [349]"
"1"," ""AAYSSGKPALGVGAGNTPVIIDETADVR""          "
"1"," ""AAYSSGKPAVGVGPGNTPAIIDDSADIR""          "
"1"," ""AAYSSGTPAIGVGAGNASAIIDSTADIVNAVNSIIHSK"""
"1"," ""AAYYDGLEAYPSNR""                        "
"1","
"
"1"," [353]"
"1"," ""AAYYNYYTQNR""                           "
"1"," ""ACAAYGPLYK""                            "
"1"," ""ACATYGPLYK""                            "
"1"," ""ACAVNIVPNTTGAAK""                       "
"1","
"
"1"," [357]"
"1"," ""ACDCATVLNK""                            "
"1"," ""ACDCATVLNKQQALDIK""                     "
"1"," ""ACEAECPKNESIANIAR""                     "
"1"," ""ACEAECPKNISISNIAR""                     "
"1","
"
"1"," [361]"
"1"," ""ACEAECPKNVSISNIAR""                     "
"1"," ""ACEIFAK""                               "
"1"," ""ACELGMEDAR""                            "
"1"," ""ACEVCGFK""                              "
"1","
"
"1"," [365]"
"1"," ""ACFVLDAIR""                             "
"1"," ""ACFVLDAIRGK""                           "
"1"," ""ACGGSDTLATGYILSK""                      "
"1"," ""ACGLELGLPYEMVYR""                       "
"1","
"
"1"," [369]"
"1"," ""ACGLELGLPYEMVYRQPFPGPGLGVR""            "
"1"," ""ACGLSGYLLGVNPFNQPGVEAYKK""              "
"1"," ""ACIAEIYDEATAEAIR""                      "
"1"," ""ACIAEVYDEATAAEIR""                      "
"1","
"
"1"," [373]"
"1"," ""ACIAEVYDEATAEAIR""                      "
"1"," ""ACIGEVYDEATAEAIR""                      "
"1"," ""ACKVPFQPR""                             "
"1"," ""ACNKLQGQYTSGPCSVSQK""                   "
"1","
"
"1"," [377]"
"1"," ""ACNVSGAAIHQR""                          "
"1"," ""ACPFNAIEMVKE""                          "
"1"," ""ACQDLDAILSDVK""                         "
"1"," ""ACSHITGGGFYENIPR""                      "
"1","
"
"1"," [381]"
"1"," ""ACSHITGGGFYENVPR""                      "
"1"," ""ACSTYGPIYK""                            "
"1"," ""ACTAELLDAVVAAYGK""                      "
"1"," ""ACTTYGPIYK""                            "
"1","
"
"1"," [385]"
"1"," ""ACTTYGYEPNER""                          "
"1"," ""ACVCSEPYTAK""                           "
"1"," ""ACVDAGWISADHQVGQTGK""                   "
"1"," ""ACVGALAVGIAR""                          "
"1","
"
"1"," [389]"
"1"," ""ACYVLDAIR""                             "
"1"," ""ACYVLDVIR""                             "
"1"," ""ADAAEDFINAISK""                         "
"1"," ""ADADALGSIKVDDYTTSK""                    "
"1","
"
"1"," [393]"
"1"," ""ADCLLGGATYSTADTVRPALQLIK""              "
"1"," ""ADDFKDISHLYK""                          "
"1"," ""ADDRFEDIILDKK""                         "
"1"," ""ADEGGSLNEVLAAAQLAK""                    "
"1","
"
"1"," [397]"
"1"," ""ADFAPEKIEENFK""                         "
"1"," ""ADFGYNAR""                              "
"1"," ""ADFKVPTFYLADK""                         "
"1"," ""ADFLAPLTEYTER""                         "
"1","
"
"1"," [401]"
"1"," ""ADFNEYKGVWVFCEQR""                      "
"1"," ""ADFTAFENIDKAPEER""                      "
"1"," ""ADFTAFENIDKAPEERER""                    "
"1"," ""ADFYIAQK""                              "
"1","
"
"1"," [405]"
"1"," ""ADGEVLSSESNR""                          "
"1"," ""ADGFEWGFTALPAVK""                       "
"1"," ""ADGFFNSQEEADAYTAK""                     "
"1"," ""ADGFKWGMTALPAVK""                       "
"1","
"
"1"," [409]"
"1"," ""ADGGKFGKTESGNIWLDPR""                   "
"1"," ""ADGIENPTVGIANIDGAR""                    "
"1"," ""ADGIGSTDAIKGTYLDNYK""                   "
"1"," ""ADGIGSTDAIKGTYLDNYKK""                  "
"1","
"
"1"," [413]"
"1"," ""ADGISSTDAIK""                           "
"1"," ""ADGISSTDAIKGTYLDNYK""                   "
"1"," ""ADGITGEVLLQNLESR""                      "
"1"," ""ADGTEATVEIHKDSKDTAK""                   "
"1","
"
"1"," [417]"
"1"," ""ADGYIDYVR""                             "
"1"," ""ADIDKAVHEAAK""                          "
"1"," ""ADIDYATAEADTTYGK""                      "
"1"," ""ADIDYATAEADTTYGKLGVK""                  "
"1","
"
"1"," [421]"
"1"," ""ADIDYATATAHTTYGALGIK""                  "
"1"," ""ADIDYCHAEALTK""                         "
"1"," ""ADIDYCQAEALTK""                         "
"1"," ""ADIDYGFAEAATTYGR""                      "
"1","
"
"1"," [425]"
"1"," ""ADIDYGFAEADTTYGK""                      "
"1"," ""ADIDYGFAEADTTYGKVGVK""                  "
"1"," ""ADIDYGFAEANTTYGK""                      "
"1"," ""ADIFADGDHIDATAVSK""                     "
"1","
"
"1"," [429]"
"1"," ""ADIGLTDADLAGQYQYTK""                    "
"1"," ""ADIIMPSAMQNDVNMEQAK""                   "
"1"," ""ADIIMPSAMQNDVNMEQAKK""                  "
"1"," ""ADIVMPAATQNDVR""                        "
"1","
"
"1"," [433]"
"1"," ""ADIVNEITK""                             "
"1"," ""ADIVNEITKK""                            "
"1"," ""ADKAYSAEFYIK""                          "
"1"," ""ADKIWEQEYK""                            "
"1","
"
"1"," [437]"
"1"," ""ADKIWEQEYKK""                           "
"1"," ""ADKMDNFKDGVDVGADGSVIDVK""               "
"1"," ""ADKYAEEANVK""                           "
"1"," ""ADLAEQSAVR""                            "
"1","
"
"1"," [441]"
"1"," ""ADLFGLYYLGDPK""                         "
"1"," ""ADLFGLYYVADPK""                         "
"1"," ""ADLGENVYELSTK""                         "
"1"," ""ADLKAFAEQLVNLTVK""                      "
"1","
"
"1"," [445]"
"1"," ""ADLKDVDDSDLGLK""                        "
"1"," ""ADLKDVDDSDLGLKGSPTK""                   "
"1"," ""ADLKYYDVILKPVITEK""                     "
"1"," ""ADLNNENLEALEK""                         "
"1","
"
"1"," [449]"
"1"," ""ADLQQIAETK""                            "
"1"," ""ADMFAPLVAQLK""                          "
"1"," ""ADMFLDGVK""                             "
"1"," ""ADMLYAEIDRNK""                          "
"1","
"
"1"," [453]"
"1"," ""ADNSCYHVVDYDPETGEVR""                   "
"1"," ""ADNSFNNTVESLFK""                        "
"1"," ""ADNVHNIVNHSEAK""                        "
"1"," ""ADNWFLR""                               "
"1","
"
"1"," [457]"
"1"," ""ADNWLPGGQVWLK""                         "
"1"," ""ADQPFLMPVEDVFTITGR""                    "
"1"," ""ADSDDKYIVVDK""                          "
"1"," ""ADSDDKYIVVDKATK""                       "
"1","
"
"1"," [461]"
"1"," ""ADSGIELAALK""                           "
"1"," ""ADSICVHGDNPK""                          "
"1"," ""ADTEQDATYAIDAIADAISTVSSQR""             "
"1"," ""ADTTAPVWNAANVK""                        "
"1","
"
"1"," [465]"
"1"," ""ADTVEAGEDSITVDGK""                      "
"1"," ""ADVEALAGGDGSGR""                        "
"1"," ""ADYLFNHVEYR""                           "
"1"," ""AEADKLFEEVGDRIDFK""                     "
"1","
"
"1"," [469]"
"1"," ""AEAEALEASGHPLKER""                      "
"1"," ""AEAEAMGGNLSGGK""                        "
"1"," ""AEAEAMSGNVGAGK""                        "
"1"," ""AEAECGACSGKMDLAK""                      "
"1","
"
"1"," [473]"
"1"," ""AEAECGACSGKMDLAKK""                     "
"1"," ""AEAEDGIIDLGGK""                         "
"1"," ""AEAIEDALNSK""                           "
"1"," ""AEALAQQNDEGNAAK""                       "
"1","
"
"1"," [477]"
"1"," ""AEALVMVQR""                             "
"1"," ""AEAMCIQER""                             "
"1"," ""AEAPAAEEAKAE""                          "
"1"," ""AEAPEFNVGDTVR""                         "
"1","
"
"1"," [481]"
"1"," ""AEAVKDILVK""                            "
"1"," ""AEAYGPVTQGIAKPVNDLSR""                  "
"1"," ""AEDFFGNLSK""                            "
"1"," ""AEDIKGIEDALAK""                         "
"1","
"
"1"," [485]"
"1"," ""AEDPTLVVSFAR""                          "
"1"," ""AEDYLKEAGMEVK""                         "
"1"," ""AEEQGFEVFTAAEAAK""                      "
"1"," ""AEEVVLMKGNEAIAHAAIR""                   "
"1","
"
"1"," [489]"
"1"," ""AEFDKLTHDLVER""                         "
"1"," ""AEFKDDEEPR""                            "
"1"," ""AEFNAMDTAAFK""                          "
"1"," ""AEFTDQYIAEAGIR""                        "
"1","
"
"1"," [493]"
"1"," ""AEFTDQYIAEAGIRGQHMPQIVR""               "
"1"," ""AEIDKLVHEAAK""                          "
"1"," ""AEIDKSVHEAAK""                          "
"1","
"
"1"," [505]"
"1"," ""AEIEYETYAK""                            "
"1"," ""AEITAALVK""                             "
"1"," ""AEKPAIEVFEEAMNNMMPVLEVK""               "
"1"," ""AEKPQFNVGDTVR""                         "
"1","
"
"1"," [509]"
"1"," ""AEKTPNQQLAEK""                          "
"1"," ""AELEAIHFFDR""                           "
"1"," ""AELEGDMGDNKVGLQAR""                     "
"1"," ""AELEKTNDVAAASYLGK""                     "
"1","
"
"1"," [513]"
"1"," ""AELEKTNNVDAAAK""                        "
"1"," ""AELEKTNNVDAAAYLGTVIAK""                 "
"1"," ""AELFNLR""                               "
"1"," ""AELKDQAEELR""                           "
"1","
"
"1"," [517]"
"1"," ""AELLQISK""                              "
"1"," ""AELVEYSSVK""                            "
"1"," ""AEMGLHDEDISKEEILK""                     "
"1"," ""AENIMPISYINNVK""                        "
"1","
"
"1"," [521]"
"1"," ""AENLYVAECFANKGPTMK""                    "
"1"," ""AENTVVYQGTGR""                          "
"1"," ""AENVPVVFYNK""                           "
"1"," ""AEPNILLTR""                             "
"1","
"
"1"," [525]"
"1"," ""AEPQPLEAIGGKVPVTINATFPAK""              "
"1"," ""AESIDIR""                               "
"1"," ""AESNFVDYVK""                            "
"1"," ""AESQLEATIENLKAEGIPVQGEDSVLLK""          "
"1","
"
"1"," [529]"
"1"," ""AETDKIILGGMGMTNDDYLYFK""                "
"1"," ""AETWDGSLFQR""                           "
"1"," ""AEVATIVYR""                             "
"1"," ""AEVENFSVTLDTSK""                        "
"1","
"
"1"," [533]"
"1"," ""AEVIEYNPGFTPDNK""                       "
"1"," ""AEVIEYNPGFTPDNKYVEIMDIVK""              "
"1"," ""AEVIEYNPGFTPNDK""                       "
"1"," ""AEVIEYNPGFTPNDKYVEILDIVK""              "
"1","
"
"1"," [537]"
"1"," ""AEVLNEALCNAR""                          "
"1"," ""AEVMTATAVNAYK""                         "
"1"," ""AEVNDVANAILDGTDCVMLSGESAK""             "
"1"," ""AEVPAFNTGDTVR""                         "
"1","
"
"1"," [541]"
"1"," ""AEVPEFNVGDTVK""                         "
"1"," ""AEVSGGGIKPWR""                          "
"1"," ""AEVTDIANAIYYR""                         "
"1"," ""AEVTLPVTTNLTTK""                        "
"1","
"
"1"," [545]"
"1"," ""AEVVNAVPEVEPYR""                        "
"1"," ""AEVYILK""                               "
"1"," ""AEVYILKK""                              "
"1"," ""AEVYILKKEEGGR""                         "
"1","
"
"1"," [549]"
"1"," ""AEYGDYITGPK""                           "
"1"," ""AEYVIEEIQR""                            "
"1"," ""AFAAAIEDAK""                            "
"1"," ""AFAARDEEPILKR""                         "
"1","
"
"1"," [553]"
"1"," ""AFADEFSQK""                             "
"1"," ""AFAEQLVNLTVK""                          "
"1"," ""AFAGADTLATSYALATAIR""                   "
"1"," ""AFAGADTLATSYALATAIRK""                  "
"1","
"
"1"," [557]"
"1"," ""AFAGESMAR""                             "
"1"," ""AFAGLLKR""                              "
"1"," ""AFALAIDR""                              "
"1"," ""AFANELAAHNIQINAIAPGYIK""                "
"1","
"
"1"," [561]"
"1"," ""AFANPYNAAQYGYIDDVIEPR""                 "
"1"," ""AFAQVDGYEVALCDIK""                      "
"1"," ""AFAQVDGYEVALCDIKQEWAEGGKDK""            "
"1"," ""AFAQVEGNTVALCDIK""                      "
"1","
"
"1"," [565]"
"1"," ""AFAQVEGNTVALCDIKQEWAENGLAK""            "
"1"," ""AFATNFNPEINIR""                         "
"1"," ""AFAVALK""                               "
"1"," ""AFAVIAK""                               "
"1","
"
"1"," [569]"
"1"," ""AFCDDDFQGFER""                          "
"1"," ""AFCDDEFTGFAR""                          "
"1"," ""AFCEAMGK""                              "
"1"," ""AFDDQCTGANPR""                          "
"1","
"
"1"," [573]"
"1"," ""AFDDSYDTPIAAGK""                        "
"1"," ""AFDDSYDTPIAAGKK""                       "
"1"," ""AFDESYDTPIAAGTK""                       "
"1"," ""AFDGMTFR""                              "
"1","
"
"1"," [577]"
"1"," ""AFDQIDNAPEEK""                          "
"1"," ""AFEESVDEAIDALKR""                       "
"1"," ""AFEFTNR""                               "
"1"," ""AFEFTNRGDFAHEVFEAVVK""                  "
"1","
"
"1"," [581]"
"1"," ""AFEGADFIYAK""                           "
"1"," ""AFEGADFVYAK""                           "
"1"," ""AFEGLLK""                               "
"1"," ""AFEGLLKR""                              "
"1","
"
"1"," [585]"
"1"," ""AFEGLLNR""                              "
"1"," ""AFEGMTFR""                              "
"1"," ""AFEGTEFAALDDCLEGPSAIAISKDDATAPAR""      "
"1"," ""AFEGTQCEELIQHLHGTNAIAISATDATAPAR""      "
"1","
"
"1"," [589]"
"1"," ""AFEHGLTPIICCGETLTQR""                   "
"1"," ""AFEHGLTPIMCCGESLEQR""                   "
"1"," ""AFEHGLTPIMCCGETLEQR""                   "
"1"," ""AFEHGLTPIMCCGETLTQR""                   "
"1","
"
"1"," [593]"
"1"," ""AFEHGLTPIMCCGETLTQREQGVTMDFIR""         "
"1"," ""AFEIVGK""                               "
"1"," ""AFEPDTIIALGGGSAMDAAK""                  "
"1"," ""AFEPDWIVAMGGGSPIDAAK""                  "
"1","
"
"1"," [597]"
"1"," ""AFEPDWIVSMGGGSPIDAAK""                  "
"1"," ""AFEYGEGFK""                             "
"1"," ""AFFFMEKPEYTAK""                         "
"1"," ""AFFPFTNAETGEMNIVYK""                    "
"1","
"
"1"," [601]"
"1"," ""AFFVTDKDLIK""                           "
"1"," ""AFGALAR""                               "
"1"," ""AFGASGIGLCR""                           "
"1"," ""AFGAVVGK""                              "
"1","
"
"1"," [605]"
"1"," ""AFGDVDAFPLCIK""                         "
"1"," ""AFGGALGGFTTGR""                         "
"1"," ""AFGGALGGFTTGRK""                        "
"1"," ""AFGGAMGGFTTGKK""                        "
"1","
"
"1"," [609]"
"1"," ""AFGITVGAPSGIGIVLADTASK""                "
"1"," ""AFGLPFK""                               "
"1"," ""AFGLQQLIK""                             "
"1"," ""AFGPDWIVAMGGGSPIDAAK""                  "
"1","
"
"1"," [613]"
"1"," ""AFGVMIEEDGMAYR""                        "
"1"," ""AFGWEQPEFIHMPLLR""                      "
"1"," ""AFHESFPQYSVTPLVK""                      "
"1"," ""AFIANHNIK""                             "
"1","
"
"1"," [617]"
"1"," ""AFIDLMK""                               "
"1"," ""AFIDLMKEK""                             "
"1"," ""AFIDVVSEEMQK""                          "
"1"," ""AFIQNIETASVFAK""                        "
"1","
"
"1"," [621]"
"1"," ""AFITQGCVIDGEVK""                        "
"1"," ""AFIVTDTFLYK""                           "
"1"," ""AFKDAVNAAPAK""                          "
"1"," ""AFKDAVNAAPAKK""                         "
"1","
"
"1"," [625]"
"1"," ""AFKDAVNAPK""                            "
"1"," ""AFKEVLGEAYFMR""                         "
"1"," ""AFKFPELGKK""                            "
"1"," ""AFKVDLTDIR""                            "
"1","
"
"1"," [629]"
"1"," ""AFLASCYASR""                            "
"1"," ""AFLATGEQPER""                           "
"1"," ""AFLDHLDQEEDFPAQALSAAIYEFSGVR""          "
"1"," ""AFLDKDEQKDLLR""                         "
"1","
"
"1"," [633]"
"1"," ""AFLEAMEESFK""                           "
"1"," ""AFLEAMEESFKHK""                         "
"1"," ""AFLEGAELVNEVK""                         "
"1"," ""AFLETLEEVLVK""                          "
"1","
"
"1"," [637]"
"1"," ""AFLKFDKYQVELPEAK""                      "
"1"," ""AFLNAVNAAYQAYK""                        "
"1"," ""AFLRPQLVEMLF""                          "
"1"," ""AFLVTDQFLFK""                           "
"1","
"
"1"," [641]"
"1"," ""AFLVTDSFLYK""                           "
"1"," ""AFMLTIGNLAMR""                          "
"1"," ""AFMPYGGIK""                             "
"1"," ""AFMYALPYEDYSELK""                       "
"1","
"
"1"," [645]"
"1"," ""AFNEEVKNINEAANK""                       "
"1"," ""AFPKEADELFSQAEK""                       "
"1"," ""AFQGLLER""                              "
"1"," ""AFRDDYDTPIAAGK""                        "
"1","
"
"1"," [649]"
"1"," ""AFRDVELEK""                             "
"1"," ""AFRNEIVAR""                             "
"1"," ""AFSEVNER""                              "
"1"," ""AFSFSPQVLVEK""                          "
"1","
"
"1"," [653]"
"1"," ""AFSGESMFQNR""                           "
"1"," ""AFSKDFYMNFK""                           "
"1"," ""AFSPAQYETR""                            "
"1"," ""AFTAQIIINHVQAR""                        "
"1","
"
"1"," [657]"
"1"," ""AFTAYGAGR""                             "
"1"," ""AFTDAVAEELVK""                          "
"1"," ""AFTDTVAEQLK""                           "
"1"," ""AFTDVVAEELK""                           "
"1","
"
"1"," [661]"
"1"," ""AFTDVVAEELKK""                          "
"1"," ""AFTDVVAEELKKGEK""                       "
"1"," ""AFTDVVAEELVKGEK""                       "
"1"," ""AFTDVVEAELK""                           "
"1","
"
"1"," [665]"
"1"," ""AFTDVVVEEMK""                           "
"1"," ""AFTERDPEPILKR""                         "
"1"," ""AFTNDYNLDNVSMDYQAINNK""                 "
"1"," ""AFTNDYNLDNVSMDYQAINNKIYGTAK""           "
"1","
"
"1"," [669]"
"1"," ""AFTSQNDAEIK""                           "
"1"," ""AFTSYIIMER""                            "
"1"," ""AFVATDKDLLK""                           "
"1"," ""AFVDVVTEELK""                           "
"1","
"
"1"," [673]"
"1"," ""AFVDVVTEELKKGEK""                       "
"1"," ""AFVDVVTEQLK""                           "
"1"," ""AFVDYFYDIANEK""                         "
"1"," ""AFVEAVDPEVTDKADWGIATPYLALQTAK""         "
"1","
"
"1"," [677]"
"1"," ""AFVEGINMVSK""                           "
"1"," ""AFVFPGQGAQFVGMGKDLYENSALAK""            "
"1"," ""AFVNEISKFDCDFDLVSGR""                   "
"1"," ""AFVPLAEMFGYSTDLR""                      "
"1","
"
"1"," [681]"
"1"," ""AFVRVDFNVPLDENFNITDDTR""                "
"1"," ""AFVVVGGGSMKR""                          "
"1"," ""AFVWNIER""                              "
"1"," ""AFWDAVNDGGVK""                          "
"1","
"
"1"," [685]"
"1"," ""AFWVPYEDSTNYPTLAK""                     "
"1"," ""AFYMKQNEDGK""                           "
"1"," ""AGAAGIFFIDAK""                          "
"1"," ""AGAANIVPNSTGAAK""                       "
"1","
"
"1"," [689]"
"1"," ""AGACNIVPNSTGAAK""                       "
"1"," ""AGADDFTECGPGK""                         "
"1"," ""AGADPEILVIR""                           "
"1"," ""AGAEAYSKDNPDVKVEVK""                    "
"1","
"
"1"," [693]"
"1"," ""AGAEDAQTDSTGATQYR""                     "
"1"," ""AGAEDAQTDSTGATQYRK""                    "
"1"," ""AGAELSAAVE""                            "
"1"," ""AGAENIVPNSTGAAK""                       "
"1","
"
"1"," [697]"
"1"," ""AGAENKPEELANYAVVK""                     "
"1"," ""AGAFKDEIVPVEVK""                        "
"1"," ""AGAGHDGMFYLGETVTPGFETIR""               "
"1"," ""AGAGVNNIPLDR""                          "
"1","
"
"1"," [701]"
"1"," ""AGAGYDNVDCAYAKEK""                      "
"1"," ""AGAGYDNVDLAAATAR""                      "
"1"," ""AGAIPVDVIDMR""                          "
"1"," ""AGAIQPVLGIADKLEGDNVMFYSIYDNGAK""        "
"1","
"
"1"," [705]"
"1"," ""AGALLMDPIKK""                           "
"1"," ""AGALQEVQLNADDIK""                       "
"1"," ""AGAMPNNVLDVAGVEK""                      "
"1"," ""AGAQNIVPNSTGAAK""                       "
"1","
"
"1"," [709]"
"1"," ""AGAQNIVPNTTGAAK""                       "
"1"," ""AGATYVSPFLGR""                          "
"1"," ""AGATYVSPFLGRLDDISTR""                   "
"1"," ""AGAVAVVFESK""                           "
"1","
"
"1"," [713]"
"1"," ""AGAVNIVPNSTGAAK""                       "
"1"," ""AGAVTNVDAAR""                           "
"1"," ""AGAYGPVLQGLSMPVNDLSR""                  "
"1"," ""AGAYHCTTIVDCNTR""                       "
"1","
"
"1"," [717]"
"1"," ""AGCACIIDTMTR""                          "
"1"," ""AGDAAAALKPGEVLLLENLR""                  "
"1"," ""AGDAGIFFIDSQLGQR""                      "
"1"," ""AGDAGIFFVDSK""                          "
"1","
"
"1"," [721]"
"1"," ""AGDASGANTSSYVTCHIK""                    "
"1"," ""AGDDAAGLAISEK""                         "
"1"," ""AGDDAAGLSISEK""                         "
"1"," ""AGDDANTAFEKASGQYGR""                    "
"1","
"
"1"," [725]"
"1"," ""AGDDAQTALDKAK""                         "
"1"," ""AGDEPAVALEK""                           "
"1"," ""AGDEVVFAK""                             "
"1"," ""AGDGSYQEFLNNEAR""                       "
"1","
"
"1"," [729]"
"1"," ""AGDHVIADKTLYGCTFAYLNHGVAK""             "
"1"," ""AGDIGKYLTGFEVLNPELVICHLDSK""            "
"1"," ""AGDILVGKVTPK""                          "
"1"," ""AGDILVGKVTPKGETELTAEER""                "
"1","
"
"1"," [733]"
"1"," ""AGDITGGLPR""                            "
"1"," ""AGDKITEGAISPFDVLNIK""                   "
"1"," ""AGDNLLYADKAYDITNEVIAGLNK""              "
"1"," ""AGDTGIFFVDSQLGQR""                      "
"1","
"
"1"," [737]"
"1"," ""AGDTIAVYYK""                            "
"1"," ""AGDTIEIKENK""                           "
"1"," ""AGDTITVAYR""                            "
"1"," ""AGDTITVSYK""                            "
"1","
"
"1"," [741]"
"1"," ""AGDTVTVAYR""                            "
"1"," ""AGDTYHTETDYK""                          "
"1"," ""AGDTYLHLDCAVTGLGGNSCGQGGPLVQDR""        "
"1"," ""AGDVIAVR""                              "
"1","
"
"1"," [745]"
"1"," ""AGDVIDVVEGSR""                          "
"1"," ""AGDVIEIK""                              "
"1"," ""AGDVIEIKEK""                            "
"1"," ""AGDVIEVR""                              "
"1","
"
"1"," [749]"
"1"," ""AGDVITLK""                              "
"1"," ""AGDVVEIR""                              "
"1"," ""AGDYIFKPIQK""                           "
"1"," ""AGEAAAALKPGEVLLLENLR""                  "
"1","
"
"1"," [753]"
"1"," ""AGEADIVVAGGMENMSMAPYAMTK""              "
"1"," ""AGEDLAPIIKK""                           "
"1"," ""AGEDSITVDGK""                           "
"1"," ""AGEDSITVDGQEIK""                        "
"1","
"
"1"," [757]"
"1"," ""AGELIPVPDAR""                           "
"1"," ""AGELNFADDLLKR""                         "
"1"," ""AGENVGVLLR""                            "
"1"," ""AGESSGIDKTFMTR""                        "
"1","
"
"1"," [761]"
"1"," ""AGEVIGQALPASPGAAAGK""                   "
"1"," ""AGEVIGQALPASPGAAAGKVCFTADDAK""          "
"1"," ""AGEVIGSALPASPGAAAGK""                   "
"1"," ""AGEVLVKIPR""                            "
"1","
"
"1"," [765]"
"1"," ""AGEVPEAIR""                             "
"1"," ""AGEVPEAIRK""                            "
"1"," ""AGEVTAAIAK""                            "
"1"," ""AGEVTTAIAK""                            "
"1","
"
"1"," [769]"
"1"," ""AGFDKYMAGVEAK""                         "
"1"," ""AGFEGGQMPLQR""                          "
"1"," ""AGFLGIPVPK""                            "
"1"," ""AGFTSIMFDGSHYPIDENVAK""                 "
"1","
"
"1"," [773]"
"1"," ""AGFVLDAIR""                             "
"1"," ""AGFVNLVGNPNVGK""                        "
"1"," ""AGGADPASYINDLRK""                       "
"1"," ""AGGDQYSYTWFEQAWIPAGAEHLDAAK""           "
"1","
"
"1"," [777]"
"1"," ""AGGDYMAQIITK""                          "
"1"," ""AGGGVKPYFEGGQMPIYR""                    "
"1"," ""AGGIAAFIDAEHAFDRFYAAK""                 "
"1"," ""AGGILNILGELSK""                         "
"1","
"
"1"," [781]"
"1"," ""AGGPEPENNPALR""                         "
"1"," ""AGGPEPENNPSLR""                         "
"1"," ""AGGPEPENNPTLR""                         "
"1"," ""AGGSVCPPSYFTVDNK""                      "
"1","
"
"1"," [785]"
"1"," ""AGGTVTEVEEAGK""                         "
"1"," ""AGGTVTEVEEAGKK""                        "
"1"," ""AGGTVTEVEEAGKKR""                       "
"1"," ""AGHYAVGQFNINDLEWTK""                    "
"1","
"
"1"," [789]"
"1"," ""AGHYAVGQFNINNLEWTK""                    "
"1"," ""AGHYAVPAANIVNLENIK""                    "
"1"," ""AGIALNPNFVK""                           "
"1"," ""AGIALTDTFVK""                           "
"1","
"
"1"," [793]"
"1"," ""AGIALTDTFVKVV""                         "
"1"," ""AGIAPEQVDHVYMGCVIQAGLGQNVAR""           "
"1"," ""AGIDDKYLEQYGK""                         "
"1"," ""AGIDDKYLEQYGKYK""                       "
"1","
"
"1"," [797]"
"1"," ""AGIDLLWVGAR""                           "
"1"," ""AGIDVLWIGAR""                           "
"1"," ""AGIIIGR""                               "
"1"," ""AGILDPAKVTR""                           "
"1","
"
"1"," [801]"
"1"," ""AGIMCTIHSYTGDQMTLDGPQR""                "
"1"," ""AGINTVAELINRTPEDMMK""                   "
"1"," ""AGINTVEELCSR""                          "
"1"," ""AGINTVEELTNKTPEDMMK""                   "
"1","
"
"1"," [805]"
"1"," ""AGINTVEELTNR""                          "
"1"," ""AGINTVEELTNRTPEDMMK""                   "
"1"," ""AGIPAEKVDQVLFGCVIQAGLGQNVAR""           "
"1"," ""AGIQQEIR""                              "
"1","
"
"1"," [809]"
"1"," ""AGISEAYIYDATNIR""                       "
"1"," ""AGISLDDNFAK""                           "
"1"," ""AGISLDSNFAK""                           "
"1"," ""AGITEVPATEDDLFAAGK""                    "
"1","
"
"1"," [813]"
"1"," ""AGITGVEIAAR""                           "
"1"," ""AGKAEEAEECFK""                          "
"1"," ""AGKAEEAEECFKK""                         "
"1"," ""AGKPALEVFEEAMNNIMPLLEVK""               "
"1","
"
"1"," [817]"
"1"," ""AGKTPEEAIAGAMGHYGQWENAAK""              "
"1"," ""AGKTPVSWNFTTMPSENWK""                   "
"1"," ""AGKVQAAVNESNK""                         "
"1"," ""AGKVQEAINASNK""                         "
"1","
"
"1"," [821]"
"1"," ""AGLAAAQAAGAVK""                         "
"1"," ""AGLAGLEITCPK""                          "
"1"," ""AGLATAQAAGK""                           "
"1"," ""AGLDMLR""                               "
"1","
"
"1"," [825]"
"1"," ""AGLEQVTSDLSK""                          "
"1"," ""AGLGYAQAAGAVK""                         "
"1"," ""AGLGYAQAAGAVKDLVADANAK""                "
"1"," ""AGLLMTDIDKYSPEMQNPDITKPAGAGDVPEANYK""   "
"1","
"
"1"," [829]"
"1"," ""AGLLSVKDSWK""                           "
"1"," ""AGLNATIDEVQVWNKPLTDAEVVR""              "
"1"," ""AGLNVLFVPSEAPYHER""                     "
"1"," ""AGLPIEVPAITINVVCGSGLK""                 "
"1","
"
"1"," [833]"
"1"," ""AGLQIIGTRPGIK""                         "
"1"," ""AGLTPITSVYPNASVDELIELCRK""              "
"1"," ""AGLVGAGWAAK""                           "
"1"," ""AGMCGIQTWLSFFCK""                       "
"1","
"
"1"," [837]"
"1"," ""AGMGYCGAANIEK""                         "
"1"," ""AGMGYCGAANIEQLHDAK""                    "
"1"," ""AGMIALAK""                              "
"1"," ""AGMIGLAK""                              "
"1","
"
"1"," [841]"
"1"," ""AGMNVDDFAGR""                           "
"1"," ""AGMTAVVSHR""                            "
"1"," ""AGNFKDAYTPWK""                          "
"1"," ""AGNIIIR""                               "
"1","
"
"1"," [845]"
"1"," ""AGNILYR""                               "
"1"," ""AGNQALFDAVETFR""                        "
"1"," ""AGNTEDAAGTTDVTATKDWK""                  "
"1"," ""AGPREPITAR""                            "
"1","
"
"1"," [849]"
"1"," ""AGPVLMEPIMK""                           "
"1"," ""AGPVLTEPIMK""                           "
"1"," ""AGQGTSSNSAYISSGSR""                     "
"1"," ""AGQHIDALVNSFGYSAL""                     "
"1","
"
"1"," [853]"
"1"," ""AGQVLADGPAMR""                          "
"1"," ""AGQYAADDAFKAK""                         "
"1"," ""AGREYPLDR""                             "
"1"," ""AGREYPLER""                             "
"1","
"
"1"," [857]"
"1"," ""AGSDDKYQVVK""                           "
"1"," ""AGSIINMASVVGVHGNAGQANYSASK""            "
"1"," ""AGSTAATTQWEDEQAEK""                     "
"1"," ""AGSVQDNSVIK""                           "
"1","
"
"1"," [861]"
"1"," ""AGTAAGIDIDAFAPR""                       "
"1"," ""AGTAQNSIDFK""                           "
"1"," ""AGTDQERTDNLTEQVK""                      "
"1"," ""AGTENVPGIVGLGK""                        "
"1","
"
"1"," [865]"
"1"," ""AGTENVPGIVGYGK""                        "
"1"," ""AGTLKMDIVPMFCGSSFK""                    "
"1"," ""AGTNWYDEVVQTGK""                        "
"1"," ""AGTPLSDGAITPADILAIKGPTAVQEYIVNEVQDVYR"" "
"1","
"
"1"," [869]"
"1"," ""AGTPLSDGATTPADILAIKGPTAVQEYIVNEVQDVYR"" "
"1"," ""AGTTAESLAGLR""                          "
"1"," ""AGTTNVIEDWPSSNATVK""                    "
"1"," ""AGTTVETLSK""                            "
"1","
"
"1"," [873]"
"1"," ""AGTVQAAVNESNKAR""                       "
"1"," ""AGTVTMDVANAIK""                         "
"1"," ""AGTVTMDVTK""                            "
"1"," ""AGVAAFTSTTGYGIAK""                      "
"1","
"
"1"," [877]"
"1"," ""AGVAAFTTSTGYGIAK""                      "
"1"," ""AGVAAIFGPGTPVAK""                       "
"1"," ""AGVAPEAVDQVYMGCVIQAGQGQNVAR""           "
"1"," ""AGVAPEMVDEVK""                          "
"1","
"
"1"," [881]"
"1"," ""AGVAPEMVDEVKMGCVIQAAQGQNVAR""           "
"1"," ""AGVASIVAADAAEAAEK""                     "
"1"," ""AGVDPSTLTSPDAIQK""                      "
"1"," ""AGVEPQTETVWR""                          "
"1","
"
"1"," [885]"
"1"," ""AGVFCVGMGSK""                           "
"1"," ""AGVIEGLEFLGAK""                         "
"1"," ""AGVIEGTCYDAK""                          "
"1"," ""AGVLAEVR""                              "
"1","
"
"1"," [889]"
"1"," ""AGVLDGQVIDEAAIK""                       "
"1"," ""AGVNVMVVPDVTPYK""                       "
"1"," ""AGVNVMVVPDVTPYKK""                      "
"1"," ""AGVNVPR""                               "
"1","
"
"1"," [893]"
"1"," ""AGVPADQVDHVYMGCVIQAGLGQNVAR""           "
"1"," ""AGVSICSLENMK""                          "
"1"," ""AGVSICTLDNMK""                          "
"1"," ""AGVTCFATGPGSSNSIGGTFAAIKPVGTR""         "
"1","
"
"1"," [897]"
"1"," ""AGVTGLVVCAAGSQK""                       "
"1"," ""AGVTKEDINAAMK""                         "
"1"," ""AGVVAIFGPGTSVAK""                       "
"1"," ""AGVVEGTFYDAEGMK""                       "
"1","
"
"1"," [901]"
"1"," ""AGVVEGTFYDEAGMK""                       "
"1"," ""AGVVEGTVYDSAALNELAK""                   "
"1"," ""AGWDTHGLPVELGVEK""                      "
"1"," ""AGYAEEAAADEPLDFK""                      "
"1","
"
"1"," [905]"
"1"," ""AGYFGADPYEFGWNR""                       "
"1"," ""AGYNCSGGVCR""                           "
"1"," ""AGYTAIASHR""                            "
"1"," ""AGYTAISSHR""                            "
"1","
"
"1"," [909]"
"1"," ""AGYTSVTSHR""                            "
"1"," ""AGYVVSDSNLAPTATLHDVLELK""               "
"1"," ""AGYWNLFSFNPALK""                        "
"1"," ""AGYWNLFSFNPALKAEGK""                    "
"1","
"
"1"," [913]"
"1"," ""AGYYNNPASMANNTSR""                      "
"1"," ""AHALNPEHPAAR""                          "
"1"," ""AHALNPNHPCQR""                          "
"1"," ""AHASTALIAK""                            "
"1","
"
"1"," [917]"
"1"," ""AHDANNECHVGDTVR""                       "
"1"," ""AHDEANECNIGDKVK""                       "
"1"," ""AHDEKNECGIGDTVK""                       "
"1"," ""AHDENNECKVGDTVK""                       "
"1","
"
"1"," [921]"
"1"," ""AHDENNECNIGDRVK""                       "
"1"," ""AHDENNECNIGDTVK""                       "
"1"," ""AHDGESYDTVYNYNANDPEAGLK""               "
"1"," ""AHDLGYSCEFYLDAK""                       "
"1","
"
"1"," [925]"
"1"," ""AHEVNQEIIK""                            "
"1"," ""AHFWNFANSELAPEFLNEPQELGLPVR""           "
"1"," ""AHGYVCDVTDEPAVQAMVATIAK""               "
"1"," ""AHIETSEKTAVGQK""                        "
"1","
"
"1"," [929]"
"1"," ""AHITDVLKKPVLTEK""                       "
"1"," ""AHLILPTHR""                             "
"1"," ""AHLLFTDLER""                            "
"1"," ""AHPADGAGQGLIKK""                        "
"1","
"
"1"," [933]"
"1"," ""AHPDNWTETGLDALSK""                      "
"1"," ""AHPHDGAGQGLIK""                         "
"1"," ""AHPHDGAGQGLIKK""                        "
"1"," ""AHPHDGAGQGLIKR""                        "
"1","
"
"1"," [937]"
"1"," ""AHSDWTVKPEIMIPLSCDAK""                  "
"1"," ""AHSIAAQGGINAAK""                        "
"1"," ""AHVIAIAR""                              "
"1"," ""AHVIAIR""                               "
"1","
"
"1"," [941]"
"1"," ""AHVIAIRR""                              "
"1"," ""AHVIAMDR""                              "
"1"," ""AHVPNDNTGDIMGDVTK""                     "
"1"," ""AIAALPTEWGASDYGR""                      "
"1","
"
"1"," [945]"
"1"," ""AIAAMPIAGSYR""                          "
"1"," ""AIAAQQNTQFQLANMATQVEAAK""               "
"1"," ""AIAAYADKVK""                            "
"1"," ""AIADGAFKDEIVPVVIK""                     "
"1","
"
"1"," [949]"
"1"," ""AIADGAFKDEIVPVVIKGK""                   "
"1"," ""AIADISDVFDDELKGK""                      "
"1"," ""AIAEAEAYPGPSLIIGYAPCELHGVK""            "
"1"," ""AIAEEIGKTPVQVEEGAGFVVNR""               "
"1","
"
"1"," [953]"
"1"," ""AIAEGIFYSAMDLIK""                       "
"1"," ""AIAEISDVLDMK""                          "
"1"," ""AIAELDGAEFFGR""                         "
"1"," ""AIAELNGAEYMGR""                         "
"1","
"
"1"," [957]"
"1"," ""AIAELPTKDQLLGQLAGLISGFAR""              "
"1"," ""AIAEMSQPISGK""                          "
"1"," ""AIAETDTFTGVK""                          "
"1"," ""AIAKEELCNK""                            "
"1","
"
"1"," [961]"
"1"," ""AIAMVPQESQADQQAVFDYCVANISK""            "
"1"," ""AIANIENLMNSK""                          "
"1"," ""AIANIENLMR""                            "
"1"," ""AIANIESLMNSK""                          "
"1","
"
"1"," [965]"
"1"," ""AIANTAFR""                              "
"1"," ""AIANVEALMK""                            "
"1"," ""AIAPTFGGINLEDIKAPECFEIERR""             "
"1"," ""AIAQFQNTQFQLADLEVK""                    "
"1","
"
"1"," [969]"
"1"," ""AIAQGFSFYSPIR""                         "
"1"," ""AIAQGFSYYAPIR""                         "
"1"," ""AIASHCVMSDPASFR""                       "
"1"," ""AIATAAAANTLAVSGK""                      "
"1","
"
"1"," [973]"
"1"," ""AIATEVPR""                              "
"1"," ""AIATFGR""                               "
"1"," ""AIAVNPNCK""                             "
"1"," ""AIAYHDTIAPMLEEIR""                      "
"1","
"
"1"," [977]"
"1"," ""AIAYTDDSKIVTK""                         "
"1"," ""AICESLHEFNPMMGHR""                      "
"1"," ""AICFGEALKPEFK""                         "
"1"," ""AICQILVDEGYIK""                         "
"1","
"
"1"," [981]"
"1"," ""AIDAGATAFR""                            "
"1"," ""AIDAGLDAVHKVEVPASWSNPAADPAPK""          "
"1"," ""AIDAGVDAVHKVEVPASWSNPEADPAPK""          "
"1"," ""AIDAIDGMKGDNADETTGVEIIKR""              "
"1","
"
"1"," [985]"
"1"," ""AIDALEGMKGDNEDETTGIEIVKR""              "
"1"," ""AIDAMIPIGR""                            "
"1"," ""AIDAMVPIGR""                            "
"1"," ""AIDDADLVDALK""                          "
"1","
"
"1"," [989]"
"1"," ""AIDDALHSPLLNNNDIFNAK""                  "
"1"," ""AIDDALR""                               "
"1"," ""AIDDGVALK""                             "
"1"," ""AIDDNFSR""                              "
"1","
"
"1"," [993]"
"1"," ""AIDDNILK""                              "
"1"," ""AIDDNILMIYK""                           "
"1"," ""AIDDNILNIYK""                           "
"1"," ""AIDDNILNIYKGK""                         "
"1","
"
"1"," [997]"
"1"," ""AIDDNVLNIYKGK""                         "
"1"," ""AIDEAVAQANAQGIHGK""                     "
"1"," ""AIDEHAALLR""                            "
"1"," ""AIDFLVAEAK""                            "
"1","
"
"1"," [ reached getOption(""max.print"") -- omitted 18224 entries ]
"
